BGP_ID,Group,Lat,Long
23N16233,Cluster_1,64.827787,-147.64292
23N16234,Cluster_1,64.827787,-147.64292
23N16235,Cluster_1,64.827787,-147.64292
23N16236,Cluster_1,64.827787,-147.64292
23N16237,Cluster_1,64.827787,-147.64292
23N16238,Cluster_1,64.827787,-147.64292
23N16239,Cluster_1,64.827787,-147.64292
23N16240,Cluster_1,64.827787,-147.64292
23N16241,Cluster_1,64.827787,-147.64292
23N16242,Cluster_1,64.827787,-147.64292
23N16243,Cluster_1,64.827787,-147.64292
23N16244,Cluster_1,64.827787,-147.64292
24N02336,Cluster_2,47.080073,-119.86242
24N02337,Cluster_2,46.903588,-119.62457
24N02338,Cluster_2,46.903588,-119.62457
24N02339,Cluster_2,46.903588,-119.62457
24N02340,Cluster_2,47.080073,-119.86242
24N02341,Cluster_2,46.903588,-119.62457
24N02342,Cluster_2,46.903588,-119.62457
24N02343,Cluster_2,46.903588,-119.62457
24N02344,Cluster_2,46.903588,-119.62457
24N02345,Cluster_2,46.903588,-119.62457
24N02346,Cluster_2,46.903588,-119.62457
24N02347,Cluster_2,46.903588,-119.62457
24N02348,Cluster_3,51.596313,-106.54129
24N02349,Cluster_3,51.596313,-106.54129
24N02350,Cluster_3,51.596313,-106.54129
24N02351,Cluster_3,51.596313,-106.54129
24N02352,Cluster_3,51.596313,-106.54129
24N02353,Cluster_3,51.596313,-106.54129
24N02354,Cluster_3,51.596313,-106.54129
24N02355,Cluster_3,51.596313,-106.54129
24N02356,Cluster_3,51.596313,-106.54129
24N02357,Cluster_3,51.596313,-106.54129
24N02358,Cluster_3,51.596313,-106.54129
24N02359,Cluster_3,51.596313,-106.54129
24N02360,Cluster_4,56.1223707,-120.05934
24N02361,Cluster_4,56.1223707,-120.05934
24N02362,Cluster_4,56.1223707,-120.05934
24N02363,Cluster_4,56.1223707,-120.05934
24N02364,Cluster_4,56.1223707,-120.05934
24N02365,Cluster_4,56.1223707,-120.05934
24N02366,Cluster_4,56.1223707,-120.05934
24N02367,Cluster_4,56.1223707,-120.05934
24N02368,Cluster_4,56.1223707,-120.05934
24N02369,Cluster_4,56.1223707,-120.05934
24N02370,Cluster_4,56.1223707,-120.05934
24N02371,Cluster_4,56.1223707,-120.05934
24N02397,Cluster_5,60.63708,-134.850618
24N02398,Cluster_5,60.63708,-134.850618
24N02399,Cluster_5,60.63708,-134.850618
24N02400,Cluster_5,60.63708,-134.850618
24N02401,Cluster_5,60.63708,-134.850618
24N02402,Cluster_5,60.63708,-134.850618
24N02403,Cluster_5,60.63708,-134.850618
24N02404,Cluster_5,60.63708,-134.850618
24N02405,Cluster_5,60.63708,-134.850618
24N02406,Cluster_5,60.63708,-134.850618
24N02407,Cluster_5,60.63708,-134.850618
24N02408,Cluster_5,60.63708,-134.850618
24N02440,Cluster_6,45.962235,-62.751505
24N02441,Cluster_6,45.962235,-62.751505
24N02442,Cluster_6,45.962235,-62.751505
24N02443,Cluster_6,45.962235,-62.751505
24N02444,Cluster_6,45.962235,-62.751505
24N02445,Cluster_6,45.962235,-62.751505
24N02446,Cluster_6,45.962235,-62.751505
24N02447,Cluster_6,45.962235,-62.751505
24N02448,Cluster_6,45.962235,-62.751505
24N02449,Cluster_6,45.962235,-62.751505
24N02450,Cluster_6,45.962235,-62.751505
24N02451,Cluster_6,45.962235,-62.751505
24N02480,Cluster_7,50.365898,-101.35284
24N02481,Cluster_7,50.365898,-101.35284
24N02482,Cluster_7,50.365898,-101.35284
24N02483,Cluster_7,50.365898,-101.35284
24N02484,Cluster_7,50.365898,-101.35284
24N02485,Cluster_7,50.365898,-101.35284
24N02486,Cluster_7,50.365898,-101.35284
24N02487,Cluster_7,50.365898,-101.35284
24N02488,Cluster_7,50.365898,-101.35284
24N02497,Cluster_8,53.687047,-113.57037
24N02498,Cluster_8,53.687047,-113.57037
24N02499,Cluster_8,53.687047,-113.57037
24N02500,Cluster_8,53.687047,-113.57037
24N02501,Cluster_8,53.687047,-113.57037
24N02502,Cluster_8,53.687047,-113.57037
24N02503,Cluster_8,53.687047,-113.57037
24N02504,Cluster_8,53.687047,-113.57037
24N02505,Cluster_8,53.687047,-113.57037
24N02506,Cluster_8,53.687047,-113.57037
24N02507,Cluster_8,53.687047,-113.57037
24N02508,Cluster_8,53.687047,-113.57037
24N02517,Cluster_9,45.8972,-64.3393
24N02518,Cluster_9,45.8972,-64.3393
24N02519,Cluster_9,45.8972,-64.3393
24N02520,Cluster_9,45.8972,-64.3393
24N02521,Cluster_9,45.9052,-64.3382
24N02522,Cluster_9,45.9052,-64.3382
24N02523,Cluster_9,45.9052,-64.3382
24N02524,Cluster_9,45.9052,-64.3382
24N02525,Cluster_9,45.9052,-64.3382
24N02526,Cluster_9,45.9052,-64.3382
24N02527,Cluster_9,45.9052,-64.3382
24N02528,Cluster_9,45.9052,-64.3382
24N02531,Cluster_10,44.19388,-66.15649
24N02532,Cluster_10,44.19388,-66.15649
24N02533,Cluster_10,44.19388,-66.15649
24N02534,Cluster_10,44.19388,-66.15649
24N02535,Cluster_10,44.19388,-66.15649
24N02536,Cluster_10,44.19388,-66.15649
24N02537,Cluster_10,44.19388,-66.15649
24N02538,Cluster_10,44.19388,-66.15649
24N02539,Cluster_10,44.19388,-66.15649
24N02540,Cluster_11,45.110426,-64.246125
24N02541,Cluster_11,45.110426,-64.246125
24N02542,Cluster_11,45.110426,-64.246125
24N02614,Cluster_12,42.661819,-80.9755
24N02615,Cluster_12,42.661819,-80.9755
24N02616,Cluster_12,42.661819,-80.9755
24N02617,Cluster_12,42.661819,-80.9755
24N02618,Cluster_12,42.661819,-80.9755
24N02619,Cluster_12,42.661819,-80.9755
24N02620,Cluster_12,42.661819,-80.9755
24N02621,Cluster_12,42.661819,-80.9755
24N02622,Cluster_12,42.661819,-80.9755
24N02623,Cluster_12,42.661819,-80.9755
24N02624,Cluster_12,42.661819,-80.9755
24N02625,Cluster_12,42.661819,-80.9755
24N02682,Cluster_13,50.5585,-116.0606
24N02683,Cluster_13,50.5585,-116.0606
24N02684,Cluster_13,50.5585,-116.0606
24N02685,Cluster_13,50.5585,-116.0606
24N02686,Cluster_13,50.5585,-116.0606
24N02687,Cluster_13,50.5585,-116.0606
24N02688,Cluster_13,50.5359,-116.0363
24N02689,Cluster_13,50.5359,-116.0363
24N02690,Cluster_13,50.5359,-116.0363
24N02691,Cluster_13,50.5359,-116.0363
24N02692,Cluster_13,50.5359,-116.0363
24N02693,Cluster_13,50.5359,-116.0363
24N02793,Cluster_14,48.8249,-64.3158
24N02794,Cluster_14,48.8249,-64.3158
24N02795,Cluster_14,48.8249,-64.3158
24N02796,Cluster_14,48.8249,-64.3158
24N02797,Cluster_14,48.8249,-64.3158
24N02798,Cluster_14,48.8249,-64.3158
24N02799,Cluster_14,48.8249,-64.3158
24N02800,Cluster_14,48.8249,-64.3158
24N02801,Cluster_14,48.8249,-64.3158
24N02802,Cluster_14,48.8249,-64.3158
24N02803,Cluster_14,48.8249,-64.3158
24N02804,Cluster_14,48.8249,-64.3158
24N02815,Cluster_15,46.067638,-72.818831
24N02816,Cluster_15,46.067638,-72.818831
24N02817,Cluster_15,46.067638,-72.818831
24N02818,Cluster_15,46.067638,-72.818831
24N02819,Cluster_15,46.067638,-72.818831
24N02820,Cluster_15,46.067638,-72.818831
24N02821,Cluster_15,46.067638,-72.818831
24N02822,Cluster_15,46.067638,-72.818831
24N02823,Cluster_15,46.067638,-72.818831
24N02824,Cluster_15,46.067638,-72.818831
24N02825,Cluster_15,46.067638,-72.818831
24N02826,Cluster_15,46.067638,-72.818831
25N03037,Cluster_16,50.025854,-57.722693
25N03038,Cluster_16,50.025854,-57.722693
25N03039,Cluster_16,50.025854,-57.722693
25N03040,Cluster_16,50.025854,-57.722693
25N03041,Cluster_16,50.025854,-57.722693
25N03042,Cluster_16,50.025854,-57.722693
25N03043,Cluster_16,50.025854,-57.722693
25N03044,Cluster_16,50.025854,-57.722693
25N03045,Cluster_16,50.025854,-57.722693
25N03046,Cluster_16,50.025854,-57.722693
25N03047,Cluster_16,50.025854,-57.722693
25N03048,Cluster_16,50.025854,-57.722693
25N03067,Cluster_17,62.852877,-115.978634
25N03068,Cluster_17,62.852877,-115.978634
25N03069,Cluster_17,62.852877,-115.978634
25N03070,Cluster_17,62.852877,-115.978634
25N03071,Cluster_17,62.852877,-115.978634
25N03072,Cluster_17,62.852877,-115.978634
25N03073,Cluster_17,62.852877,-115.978634
25N03074,Cluster_17,62.852877,-115.978634
25N03075,Cluster_17,62.852877,-115.978634
25N03076,Cluster_17,62.852877,-115.978634
25N03077,Cluster_17,62.852877,-115.978634
25N03078,Cluster_17,62.852877,-115.978634
25N03097,Cluster_18,50.164998,-97.127082
25N03098,Cluster_18,50.164998,-97.127082
25N03099,Cluster_18,50.164998,-97.127082
25N03100,Cluster_18,50.164998,-97.127082
25N03101,Cluster_18,50.164998,-97.127082
25N03102,Cluster_18,50.164998,-97.127082
25N03103,Cluster_18,50.164998,-97.127082
25N03104,Cluster_18,50.164998,-97.127082
25N03105,Cluster_18,50.164998,-97.127082
25N03106,Cluster_18,50.164998,-97.127082
25N03107,Cluster_18,50.164998,-97.127082
25N03108,Cluster_18,50.164998,-97.127082
25N13574,Cluster_19,44.4478984,-106.7417194
25N13576,Cluster_19,44.4478984,-106.7417194
25N13577,Cluster_19,44.4478984,-106.7417194
25N13578,Cluster_19,44.4478984,-106.7417194
25N13579,Cluster_19,44.4478984,-106.7417194
25N13580,Cluster_19,44.4478984,-106.7417194
25N13581,Cluster_19,44.4478984,-106.7417194
25N13582,Cluster_19,44.4478984,-106.7417194
25N13583,Cluster_19,44.4478984,-106.7417194
25N13584,Cluster_19,44.4478984,-106.7417194
25N13585,Cluster_19,44.4478984,-106.7417194
25N13586,Cluster_19,44.4478984,-106.7417194
25N13631,Cluster_20,41.1170592,-104.7318117
25N13632,Cluster_20,41.1170592,-104.7318117
25N13633,Cluster_20,41.1170592,-104.7318117
25N13634,Cluster_20,41.1170592,-104.7318117
25N13635,Cluster_20,41.1170592,-104.7318117
25N17421,Cluster_21,46.724742,-113.643808
25N17422,Cluster_21,46.724742,-113.643808
25N17423,Cluster_21,46.724742,-113.643808
25N17424,Cluster_21,46.724742,-113.643808
25N17425,Cluster_21,46.724742,-113.643808
25N17426,Cluster_21,46.724742,-113.643808
25N17427,Cluster_21,46.724742,-113.643808
25N17428,Cluster_21,46.724742,-113.643808
25N17429,Cluster_21,46.724742,-113.643808
25N17430,Cluster_21,46.724742,-113.643808
25N17431,Cluster_21,46.724742,-113.643808
25N17432,Cluster_21,46.724742,-113.643808
25N19612,Cluster_22,46.8751561,-98.6351419
25N19613,Cluster_22,46.8751561,-98.6351419
25N19614,Cluster_22,46.8751561,-98.6351419
25N19615,Cluster_22,46.8751561,-98.6351419
25N19616,Cluster_22,46.8751561,-98.6351419
25N19617,Cluster_22,46.8751561,-98.6351419
24N21269,Cluster_22,46.87276,-98.6341
